[
	{ "src": "bamboo.jpg", "title": "Bamboo Forest In Japan" },
	{ "src": "bird.jpg", "title": "Bird in Flight" },
	{ "src": "bromeliad.jpg", "title": "Bromeliad Flower" },
	{ "src": "bush-panorama.jpg", "title": "Panorama of Australian Bush" },
	{ "src": "canal.jpg", "title": "A Canal in Holland" },
	{ "src": "church.jpg", "title": "Old Church in Brisbane at Night" },
	{ "src": "cityscape.jpg", "title": "A City in Japan" },
	{ "src": "emu.jpg", "title": "Australian Emu" },
	{ "src": "gum-nuts.jpg", "title": "Some Gum Nuts" },
	{ "src": "hanging-rock.jpg", "title": "Rock Out Crops in Victoria" },
	{ "src": "hut.jpg", "title": "Old Bush Hut" },
	{ "src": "koala.jpg", "title": "A Koala doing what Koalas normally do …" },
	{ "src": "kookaburra.jpg", "title": "A Kookaburra Looking Back" },
	{ "src": "lake.jpg", "title": "A Lake in Japan" },
	{ "src": "lantern.jpg", "title": "Lantern at a Japanese Shrine" },
	{ "src": "light-house.jpg", "title": "A Light House" },
	{ "src": "lorikeet.jpg", "title": "Australian Lorikeet" },
	{ "src": "mountain-panorama.jpg", "title": "Mountain Panorama in Japan" },
	{ "src": "rocks.jpg", "title": "Rock Outcrop in Lake" },
	{ "src": "rose.jpg", "title": "A Yellow Rose" },
	{ "src": "steps.jpg", "title": "Stone Steps in a Garden" },
	{ "src": "sunset.jpg", "title": "Sunset in the Clouds" },
	{ "src": "tall-trees.jpg", "title": "Trees in Australian Bush" },
	{ "src": "tea-leaf.jpg", "title": "A Leaf of the Camellia Sinensis Plant" },
	{ "src": "train.jpg", "title": "Train approaching the Station" },
	{ "src": "waterfall.jpg", "title": "Waterfall in the Wood" }
]
